NAME	GS<br> follow link to MSigDB	GS DETAILS	SIZE	ES	NES	NOM p-val	FDR q-val	FWER p-val	RANK AT MAX	LEADING EDGE	
WP_GLYCOLYSIS_AND_GLUCONEOGENESIS	WP_GLYCOLYSIS_AND_GLUCONEOGENESIS	Details ...	39	0.78743243	2.716899	0.0	0.0	0.0	381	tags=41%, list=3%, signal=42%	
WP_PHOTODYNAMIC_THERAPYINDUCED_HIF1_SURVIVAL_SIGNALING	WP_PHOTODYNAMIC_THERAPYINDUCED_HIF1_SURVIVAL_SIGNALING	Details ...	34	0.7376079	2.4615278	0.0	0.0	0.0	381	tags=38%, list=3%, signal=39%	
WP_CLEAR_CELL_RENAL_CELL_CARCINOMA_PATHWAYS	WP_CLEAR_CELL_RENAL_CELL_CARCINOMA_PATHWAYS	Details ...	81	0.6205084	2.446745	0.0	0.0	0.0	1037	tags=32%, list=7%, signal=34%	
WP_CORI_CYCLE	WP_CORI_CYCLE	Details ...	15	0.8366498	2.2884572	0.0	0.0	0.0	288	tags=67%, list=2%, signal=68%	
WP_CHOLESTEROL_BIOSYNTHESIS_PATHWAY	WP_CHOLESTEROL_BIOSYNTHESIS_PATHWAY	Details ...	15	0.81105787	2.1798358	0.0	2.4219409E-4	0.001	2348	tags=87%, list=16%, signal=103%	
WP_CHOLESTEROL_METABOLISM_WITH_BLOCH_AND_KANDUTSCHRUSSELL_PATHWAYS	WP_CHOLESTEROL_METABOLISM_WITH_BLOCH_AND_KANDUTSCHRUSSELL_PATHWAYS	Details ...	43	0.6138733	2.128113	0.0	6.7253853E-4	0.003	2348	tags=58%, list=16%, signal=69%	
WP_PHOTODYNAMIC_THERAPYINDUCED_UNFOLDED_PROTEIN_RESPONSE	WP_PHOTODYNAMIC_THERAPYINDUCED_UNFOLDED_PROTEIN_RESPONSE	Details ...	25	0.7006141	2.1266582	0.0	7.671593E-4	0.004	2071	tags=56%, list=14%, signal=65%	
WP_HEREDITARY_LEIOMYOMATOSIS_AND_RENAL_CELL_CARCINOMA_PATHWAY	WP_HEREDITARY_LEIOMYOMATOSIS_AND_RENAL_CELL_CARCINOMA_PATHWAY	Details ...	19	0.7153991	2.05675	0.0	0.0022274286	0.014	92	tags=26%, list=1%, signal=26%	
WP_TYPE_2_PAPILLARY_RENAL_CELL_CARCINOMA	WP_TYPE_2_PAPILLARY_RENAL_CELL_CARCINOMA	Details ...	32	0.6293333	2.0381587	0.0	0.002851255	0.02	552	tags=25%, list=4%, signal=26%	
WP_FAMILIAL_HYPERLIPIDEMIA_TYPE_4	WP_FAMILIAL_HYPERLIPIDEMIA_TYPE_4	Details ...	16	0.7049937	1.9891951	0.0	0.0057404567	0.044	2010	tags=63%, list=14%, signal=72%	
WP_STATIN_INHIBITION_OF_CHOLESTEROL_PRODUCTION	WP_STATIN_INHIBITION_OF_CHOLESTEROL_PRODUCTION	Details ...	25	0.6289157	1.9532559	0.0	0.0078244805	0.063	2014	tags=52%, list=14%, signal=60%	
WP_GALANIN_RECEPTOR_PATHWAY	WP_GALANIN_RECEPTOR_PATHWAY	Details ...	16	0.6962456	1.9257836	0.004210526	0.010995251	0.096	992	tags=44%, list=7%, signal=47%	
WP_OREXIN_RECEPTOR_PATHWAY	WP_OREXIN_RECEPTOR_PATHWAY	Details ...	123	0.4324334	1.8251075	0.0	0.036680777	0.306	2010	tags=33%, list=14%, signal=38%	
WP_CELL_MIGRATION_AND_INVASION_THROUGH_P75NTR	WP_CELL_MIGRATION_AND_INVASION_THROUGH_P75NTR	Details ...	27	0.56858796	1.7848256	0.002004008	0.050730743	0.418	2119	tags=33%, list=14%, signal=39%	
WP_SREBF_AND_MIR33_IN_CHOLESTEROL_AND_LIPID_HOMEOSTASIS	WP_SREBF_AND_MIR33_IN_CHOLESTEROL_AND_LIPID_HOMEOSTASIS	Details ...	16	0.64467585	1.7840338	0.010893246	0.04776947	0.421	2010	tags=50%, list=14%, signal=58%	
WP_LEUKOCYTEINTRINSIC_HIPPO_PATHWAY_FUNCTIONS	WP_LEUKOCYTEINTRINSIC_HIPPO_PATHWAY_FUNCTIONS	Details ...	34	0.5330197	1.7700282	0.0045045046	0.051706325	0.465	1226	tags=24%, list=8%, signal=26%	
WP_PHOSPHODIESTERASES_IN_NEURONAL_FUNCTION	WP_PHOSPHODIESTERASES_IN_NEURONAL_FUNCTION	Details ...	38	0.52301085	1.7601852	0.006289308	0.05343412	0.505	1775	tags=37%, list=12%, signal=42%	
WP_ADIPOGENESIS	WP_ADIPOGENESIS	Details ...	113	0.4171158	1.746104	0.0	0.058339342	0.552	1290	tags=21%, list=9%, signal=23%	
WP_MAP3K1_ROLE_IN_PROMOTING_AND_BLOCKING_GONADAL_DETERMINATION	WP_MAP3K1_ROLE_IN_PROMOTING_AND_BLOCKING_GONADAL_DETERMINATION	Details ...	15	0.65213054	1.7459297	0.01026694	0.05533453	0.552	1519	tags=27%, list=10%, signal=30%	
WP_METABOLIC_REPROGRAMMING_IN_COLON_CANCER	WP_METABOLIC_REPROGRAMMING_IN_COLON_CANCER	Details ...	42	0.5042259	1.741962	0.0	0.054193757	0.561	1037	tags=31%, list=7%, signal=33%	
WP_GLYCOGEN_SYNTHESIS_AND_DEGRADATION	WP_GLYCOGEN_SYNTHESIS_AND_DEGRADATION	Details ...	38	0.5120031	1.7221417	0.004140787	0.06314987	0.632	420	tags=16%, list=3%, signal=16%	
WP_WHITE_FAT_CELL_DIFFERENTIATION	WP_WHITE_FAT_CELL_DIFFERENTIATION	Details ...	31	0.5198172	1.6927516	0.0046296297	0.08110235	0.736	1238	tags=26%, list=8%, signal=28%	
WP_CELL_DIFFERENTIATION_EXPANDED_INDEX	WP_CELL_DIFFERENTIATION_EXPANDED_INDEX	Details ...	19	0.57797545	1.6865292	0.010729614	0.08244829	0.761	1060	tags=26%, list=7%, signal=28%	
WP_VITAMIN_B12_METABOLISM	WP_VITAMIN_B12_METABOLISM	Details ...	38	0.49069875	1.6680882	0.008510638	0.09399012	0.81	2010	tags=34%, list=14%, signal=39%	
WP_DNA_DAMAGE_RESPONSE_ONLY_ATM_DEPENDENT	WP_DNA_DAMAGE_RESPONSE_ONLY_ATM_DEPENDENT	Details ...	103	0.40964466	1.649741	0.002283105	0.10626842	0.864	2010	tags=24%, list=14%, signal=28%	
WP_BMP_SIGNALING_IN_EYELID_DEVELOPMENT	WP_BMP_SIGNALING_IN_EYELID_DEVELOPMENT	Details ...	16	0.6059935	1.6475675	0.022132797	0.1045268	0.872	2912	tags=38%, list=20%, signal=47%	
WP_UREA_CYCLE_AND_ASSOCIATED_PATHWAYS	WP_UREA_CYCLE_AND_ASSOCIATED_PATHWAYS	Details ...	21	0.55917734	1.6450493	0.0084566595	0.10240387	0.877	1389	tags=38%, list=9%, signal=42%	
WP_TYPE_I_COLLAGEN_SYNTHESIS_IN_THE_CONTEXT_OF_OSTEOGENESIS_IMPERFECTA	WP_TYPE_I_COLLAGEN_SYNTHESIS_IN_THE_CONTEXT_OF_OSTEOGENESIS_IMPERFECTA	Details ...	27	0.51659495	1.6312171	0.010775862	0.11103143	0.906	455	tags=19%, list=3%, signal=19%	
WP_CIRCADIAN_RHYTHM_GENES	WP_CIRCADIAN_RHYTHM_GENES	Details ...	162	0.3673217	1.6267754	0.0	0.11151602	0.915	723	tags=15%, list=5%, signal=15%	
WP_OVERVIEW_OF_INTERFERONSMEDIATED_SIGNALING_PATHWAY	WP_OVERVIEW_OF_INTERFERONSMEDIATED_SIGNALING_PATHWAY	Details ...	17	0.5807834	1.6230826	0.016771488	0.11162607	0.924	5332	tags=65%, list=36%, signal=101%	
WP_FOCAL_ADHESION_PI3KAKTMTORSIGNALING_PATHWAY	WP_FOCAL_ADHESION_PI3KAKTMTORSIGNALING_PATHWAY	Details ...	264	0.34355843	1.5941985	0.0	0.13657981	0.958	3310	tags=31%, list=22%, signal=39%	
WP_MAMMALIAN_DISORDER_OF_SEXUAL_DEVELOPMENT	WP_MAMMALIAN_DISORDER_OF_SEXUAL_DEVELOPMENT	Details ...	20	0.5485894	1.5840012	0.026530612	0.14454086	0.966	429	tags=15%, list=3%, signal=15%	
WP_EXERCISEINDUCED_CIRCADIAN_REGULATION	WP_EXERCISEINDUCED_CIRCADIAN_REGULATION	Details ...	47	0.44899467	1.5817235	0.010162601	0.14236543	0.968	2216	tags=34%, list=15%, signal=40%	
WP_CONGENITAL_GENERALIZED_LIPODYSTROPHY_CGL	WP_CONGENITAL_GENERALIZED_LIPODYSTROPHY_CGL	Details ...	16	0.56417704	1.5767921	0.040650405	0.14367439	0.975	2314	tags=25%, list=16%, signal=30%	
WP_KISSPEPTINKISSPEPTIN_RECEPTOR_SYSTEM_IN_THE_OVARY	WP_KISSPEPTINKISSPEPTIN_RECEPTOR_SYSTEM_IN_THE_OVARY	Details ...	33	0.47806972	1.5715182	0.018404908	0.14518583	0.98	2556	tags=30%, list=17%, signal=37%	
WP_NICOTINE_EFFECT_ON_DOPAMINERGIC_NEURONS	WP_NICOTINE_EFFECT_ON_DOPAMINERGIC_NEURONS	Details ...	15	0.5763626	1.5676244	0.03887689	0.14556798	0.986	1822	tags=40%, list=12%, signal=46%	
WP_TYPE_I_INTERFERON_INDUCTION_AND_SIGNALING_DURING_SARSCOV2_INFECTION	WP_TYPE_I_INTERFERON_INDUCTION_AND_SIGNALING_DURING_SARSCOV2_INFECTION	Details ...	29	0.49342158	1.5650729	0.026970955	0.14497654	0.987	3202	tags=38%, list=22%, signal=48%	
WP_KYNURENINE_PATHWAY_AND_LINKS_TO_CELL_SENESCENCE	WP_KYNURENINE_PATHWAY_AND_LINKS_TO_CELL_SENESCENCE	Details ...	18	0.5498324	1.5647054	0.034	0.14167823	0.987	1016	tags=22%, list=7%, signal=24%	
WP_SARS_CORONAVIRUS_AND_INNATE_IMMUNITY	WP_SARS_CORONAVIRUS_AND_INNATE_IMMUNITY	Details ...	17	0.5555727	1.5582733	0.024291499	0.14512113	0.99	3202	tags=35%, list=22%, signal=45%	
WP_PI3KAKTMTOR_SIGNALING_PATHWAY_AND_THERAPEUTIC_OPPORTUNITIES	WP_PI3KAKTMTOR_SIGNALING_PATHWAY_AND_THERAPEUTIC_OPPORTUNITIES	Details ...	30	0.48184964	1.546885	0.032119915	0.15346995	0.993	1985	tags=30%, list=13%, signal=35%	
WP_WNT_SIGNALING_IN_KIDNEY_DISEASE	WP_WNT_SIGNALING_IN_KIDNEY_DISEASE	Details ...	32	0.4692734	1.5419604	0.038617887	0.15645303	0.995	2797	tags=31%, list=19%, signal=38%	
WP_HYPERTROPHY_MODEL	WP_HYPERTROPHY_MODEL	Details ...	17	0.541306	1.5362259	0.038793102	0.1594331	0.995	884	tags=29%, list=6%, signal=31%	
WP_TYPE_II_INTERFERON_SIGNALING_IFNG	WP_TYPE_II_INTERFERON_SIGNALING_IFNG	Details ...	30	0.48179072	1.5265172	0.03671706	0.16738203	0.995	3373	tags=53%, list=23%, signal=69%	
WP_THYMIC_STROMAL_LYMPHOPOIETIN_TSLP_SIGNALING_PATHWAY	WP_THYMIC_STROMAL_LYMPHOPOIETIN_TSLP_SIGNALING_PATHWAY	Details ...	37	0.4446619	1.5133594	0.022680413	0.18037763	0.997	2713	tags=27%, list=18%, signal=33%	
WP_EPO_RECEPTOR_SIGNALING	WP_EPO_RECEPTOR_SIGNALING	Details ...	26	0.491318	1.5080967	0.032520324	0.18385622	1.0	1530	tags=23%, list=10%, signal=26%	
WP_ONCOSTATIN_M_SIGNALING_PATHWAY	WP_ONCOSTATIN_M_SIGNALING_PATHWAY	Details ...	62	0.40090743	1.5071648	0.00591716	0.1807933	1.0	2609	tags=29%, list=18%, signal=35%	
WP_HEART_DEVELOPMENT	WP_HEART_DEVELOPMENT	Details ...	34	0.44524023	1.5046793	0.031380754	0.18056656	1.0	325	tags=12%, list=2%, signal=12%	
WP_RAS_AND_BRADYKININ_PATHWAYS_IN_COVID19	WP_RAS_AND_BRADYKININ_PATHWAYS_IN_COVID19	Details ...	23	0.5019631	1.4992594	0.04192872	0.1833491	1.0	1304	tags=22%, list=9%, signal=24%	
WP_OVERVIEW_OF_NANOPARTICLE_EFFECTS	WP_OVERVIEW_OF_NANOPARTICLE_EFFECTS	Details ...	15	0.5471726	1.4898176	0.077405855	0.19235092	1.0	3283	tags=60%, list=22%, signal=77%	
WP_P53_TRANSCRIPTIONAL_GENE_NETWORK	WP_P53_TRANSCRIPTIONAL_GENE_NETWORK	Details ...	60	0.38784868	1.476045	0.019189766	0.20696865	1.0	2183	tags=30%, list=15%, signal=35%	
WP_EBSTEINBARR_VIRUS_LMP1_SIGNALING	WP_EBSTEINBARR_VIRUS_LMP1_SIGNALING		21	0.5000821	1.4678161	0.055793993	0.21449739	1.0	2763	tags=38%, list=19%, signal=47%	
WP_MIRNAS_INVOLVEMENT_IN_THE_IMMUNE_RESPONSE_IN_SEPSIS	WP_MIRNAS_INVOLVEMENT_IN_THE_IMMUNE_RESPONSE_IN_SEPSIS		34	0.44412124	1.4665698	0.037623763	0.21203437	1.0	1730	tags=24%, list=12%, signal=27%	
WP_16P112_DISTAL_DELETION_SYNDROME	WP_16P112_DISTAL_DELETION_SYNDROME		27	0.47892037	1.4622421	0.04312115	0.21461287	1.0	3112	tags=48%, list=21%, signal=61%	
WP_LIPID_METABOLISM_PATHWAY	WP_LIPID_METABOLISM_PATHWAY		28	0.46308076	1.461022	0.044624746	0.21228997	1.0	936	tags=21%, list=6%, signal=23%	
WP_STEROL_REGULATORY_ELEMENTBINDING_PROTEINS_SREBP_SIGNALING	WP_STEROL_REGULATORY_ELEMENTBINDING_PROTEINS_SREBP_SIGNALING		66	0.38750285	1.4560401	0.034042552	0.21570776	1.0	2014	tags=26%, list=14%, signal=30%	
WP_IMMUNE_RESPONSE_TO_TUBERCULOSIS	WP_IMMUNE_RESPONSE_TO_TUBERCULOSIS		22	0.48938444	1.4553874	0.07231405	0.21280022	1.0	3373	tags=55%, list=23%, signal=70%	
WP_VITAMIN_D_RECEPTOR_PATHWAY	WP_VITAMIN_D_RECEPTOR_PATHWAY		134	0.33843932	1.4545792	0.01713062	0.21021141	1.0	1453	tags=20%, list=10%, signal=22%	
WP_BDNFTRKB_SIGNALING	WP_BDNFTRKB_SIGNALING		32	0.4394445	1.4451884	0.04375	0.21977384	1.0	1784	tags=25%, list=12%, signal=28%	
WP_CYTOPLASMIC_RIBOSOMAL_PROTEINS	WP_CYTOPLASMIC_RIBOSOMAL_PROTEINS		85	0.35662118	1.4231861	0.018556701	0.250716	1.0	5978	tags=75%, list=40%, signal=125%	
WP_VITAMIN_A_AND_CAROTENOID_METABOLISM	WP_VITAMIN_A_AND_CAROTENOID_METABOLISM		35	0.43058217	1.4146011	0.05510204	0.26018882	1.0	1289	tags=23%, list=9%, signal=25%	
WP_PDGFRBETA_PATHWAY	WP_PDGFRBETA_PATHWAY		29	0.44401187	1.4139125	0.071428575	0.25718728	1.0	2713	tags=28%, list=18%, signal=34%	
WP_NAD_BIOSYNTHETIC_PATHWAYS	WP_NAD_BIOSYNTHETIC_PATHWAYS		21	0.48091525	1.4122494	0.08668076	0.25535122	1.0	2576	tags=38%, list=17%, signal=46%	
WP_SYNAPTIC_SIGNALING_PATHWAYS_ASSOCIATED_WITH_AUTISM_SPECTRUM_DISORDER	WP_SYNAPTIC_SIGNALING_PATHWAYS_ASSOCIATED_WITH_AUTISM_SPECTRUM_DISORDER		49	0.40008903	1.4098762	0.032719836	0.2548741	1.0	2465	tags=29%, list=17%, signal=34%	
WP_DEVELOPMENT_AND_HETEROGENEITY_OF_THE_ILC_FAMILY	WP_DEVELOPMENT_AND_HETEROGENEITY_OF_THE_ILC_FAMILY		21	0.46977234	1.4085314	0.06876228	0.25304487	1.0	1016	tags=24%, list=7%, signal=26%	
WP_GASTRIN_SIGNALING_PATHWAY	WP_GASTRIN_SIGNALING_PATHWAY		103	0.34206277	1.4078999	0.021598272	0.250139	1.0	1251	tags=17%, list=8%, signal=18%	
WP_MAPK_SIGNALING_PATHWAY	WP_MAPK_SIGNALING_PATHWAY		220	0.31061432	1.4056884	0.0043572984	0.2502417	1.0	2079	tags=20%, list=14%, signal=23%	
WP_FIBRIN_COMPLEMENT_RECEPTOR_3_SIGNALING_PATHWAY	WP_FIBRIN_COMPLEMENT_RECEPTOR_3_SIGNALING_PATHWAY		35	0.41016674	1.4021065	0.055785123	0.25233668	1.0	1505	tags=23%, list=10%, signal=25%	
WP_PROLACTIN_SIGNALING_PATHWAY	WP_PROLACTIN_SIGNALING_PATHWAY		73	0.35591772	1.3837702	0.035639413	0.2794922	1.0	1251	tags=15%, list=8%, signal=16%	
WP_NEURAL_CREST_DIFFERENTIATION	WP_NEURAL_CREST_DIFFERENTIATION		84	0.34950125	1.3733999	0.050200805	0.29368088	1.0	3231	tags=29%, list=22%, signal=36%	
WP_NOTCH1_REGULATION_OF_ENDOTHELIAL_CELL_CALCIFICATION	WP_NOTCH1_REGULATION_OF_ENDOTHELIAL_CELL_CALCIFICATION		15	0.5062582	1.3731714	0.10526316	0.28982553	1.0	1285	tags=33%, list=9%, signal=36%	
WP_PI3KAKT_SIGNALING_PATHWAY	WP_PI3KAKT_SIGNALING_PATHWAY		277	0.29296005	1.3670543	0.0021459227	0.29670578	1.0	2974	tags=26%, list=20%, signal=32%	
WP_FARNESOID_X_RECEPTOR_PATHWAY	WP_FARNESOID_X_RECEPTOR_PATHWAY		15	0.49997398	1.3655386	0.13778706	0.2953165	1.0	1864	tags=33%, list=13%, signal=38%	
WP_HOSTPATHOGEN_INTERACTION_OF_HUMAN_CORONAVIRUSES_AUTOPHAGY	WP_HOSTPATHOGEN_INTERACTION_OF_HUMAN_CORONAVIRUSES_AUTOPHAGY		19	0.46281466	1.334356	0.12448133	0.35299197	1.0	3223	tags=37%, list=22%, signal=47%	
WP_HOSTPATHOGEN_INTERACTION_OF_HUMAN_CORONAVIRUSES_INTERFERON_INDUCTION	WP_HOSTPATHOGEN_INTERACTION_OF_HUMAN_CORONAVIRUSES_INTERFERON_INDUCTION		33	0.3945209	1.3316121	0.09552845	0.35378146	1.0	3202	tags=30%, list=22%, signal=39%	
WP_HOSTPATHOGEN_INTERACTION_OF_HUMAN_CORONAVIRUSES_MAPK_SIGNALING	WP_HOSTPATHOGEN_INTERACTION_OF_HUMAN_CORONAVIRUSES_MAPK_SIGNALING		34	0.39926988	1.3300081	0.087759815	0.35215434	1.0	1428	tags=24%, list=10%, signal=26%	
WP_VITAMIN_D_IN_INFLAMMATORY_DISEASES	WP_VITAMIN_D_IN_INFLAMMATORY_DISEASES		21	0.44938812	1.3220347	0.13034624	0.3641449	1.0	1505	tags=29%, list=10%, signal=32%	
WP_IL9_SIGNALING_PATHWAY	WP_IL9_SIGNALING_PATHWAY		17	0.4729175	1.3194776	0.13043478	0.36513373	1.0	2465	tags=29%, list=17%, signal=35%	
WP_HEAD_AND_NECK_SQUAMOUS_CELL_CARCINOMA	WP_HEAD_AND_NECK_SQUAMOUS_CELL_CARCINOMA		72	0.34236246	1.3181736	0.072407044	0.36304677	1.0	1985	tags=19%, list=13%, signal=22%	
WP_TRANSCRIPTION_FACTOR_REGULATION_IN_ADIPOGENESIS	WP_TRANSCRIPTION_FACTOR_REGULATION_IN_ADIPOGENESIS		20	0.46378064	1.3176363	0.12903225	0.35977644	1.0	2595	tags=40%, list=17%, signal=48%	
WP_MALIGNANT_PLEURAL_MESOTHELIOMA	WP_MALIGNANT_PLEURAL_MESOTHELIOMA		382	0.26969075	1.3126649	0.006329114	0.36478004	1.0	1383	tags=14%, list=9%, signal=15%	
WP_SUDDEN_INFANT_DEATH_SYNDROME_SIDS_SUSCEPTIBILITY_PATHWAYS	WP_SUDDEN_INFANT_DEATH_SYNDROME_SIDS_SUSCEPTIBILITY_PATHWAYS		110	0.315979	1.3103019	0.05506608	0.36572906	1.0	1730	tags=19%, list=12%, signal=21%	
WP_UNFOLDED_PROTEIN_RESPONSE	WP_UNFOLDED_PROTEIN_RESPONSE		23	0.431569	1.3043892	0.12215321	0.3732583	1.0	2071	tags=39%, list=14%, signal=45%	
WP_MATRIX_METALLOPROTEINASES	WP_MATRIX_METALLOPROTEINASES		20	0.44847244	1.3038236	0.15384616	0.36990985	1.0	1834	tags=30%, list=12%, signal=34%	
WP_WNTBETACATENIN_SIGNALING_PATHWAY_IN_LEUKEMIA	WP_WNTBETACATENIN_SIGNALING_PATHWAY_IN_LEUKEMIA		22	0.43729004	1.2956078	0.13836478	0.3835957	1.0	1008	tags=23%, list=7%, signal=24%	
WP_CLASSICAL_PATHWAY_OF_STEROIDOGENESIS_WITH_GLUCOCORTICOID_AND_MINERALOCORTICOID_METABOLISM	WP_CLASSICAL_PATHWAY_OF_STEROIDOGENESIS_WITH_GLUCOCORTICOID_AND_MINERALOCORTICOID_METABOLISM		15	0.47377184	1.2931565	0.15448852	0.3846167	1.0	313	tags=13%, list=2%, signal=14%	
WP_GLUCOCORTICOID_RECEPTOR_PATHWAY	WP_GLUCOCORTICOID_RECEPTOR_PATHWAY		63	0.33752015	1.2908949	0.102345414	0.3844972	1.0	2387	tags=29%, list=16%, signal=34%	
WP_NEURODEGENERATION_WITH_BRAIN_IRON_ACCUMULATION_NBIA_SUBTYPES_PATHWAY	WP_NEURODEGENERATION_WITH_BRAIN_IRON_ACCUMULATION_NBIA_SUBTYPES_PATHWAY		44	0.36540633	1.2903663	0.107279696	0.38103688	1.0	3223	tags=32%, list=22%, signal=41%	
WP_INSULIN_SIGNALING	WP_INSULIN_SIGNALING		149	0.29439652	1.2835243	0.048	0.39142638	1.0	2841	tags=23%, list=19%, signal=28%	
WP_EMBRYONIC_STEM_CELL_PLURIPOTENCY_PATHWAYS	WP_EMBRYONIC_STEM_CELL_PLURIPOTENCY_PATHWAYS		102	0.31388217	1.2804338	0.083333336	0.39315376	1.0	3296	tags=28%, list=22%, signal=36%	
WP_FGFR3_SIGNALING_IN_CHONDROCYTE_PROLIFERATION_AND_TERMINAL_DIFFERENTIATION	WP_FGFR3_SIGNALING_IN_CHONDROCYTE_PROLIFERATION_AND_TERMINAL_DIFFERENTIATION		26	0.40911916	1.2772205	0.16837782	0.39608464	1.0	401	tags=12%, list=3%, signal=12%	
WP_ANGIOPOIETINLIKE_PROTEIN_8_REGULATORY_PATHWAY	WP_ANGIOPOIETINLIKE_PROTEIN_8_REGULATORY_PATHWAY		123	0.29975355	1.2768141	0.06465517	0.39274067	1.0	2763	tags=21%, list=19%, signal=26%	
WP_VASOPRESSINREGULATED_WATER_REABSORPTION	WP_VASOPRESSINREGULATED_WATER_REABSORPTION		40	0.3672969	1.2754344	0.12145749	0.39109555	1.0	5244	tags=55%, list=35%, signal=85%	
WP_TLR4_SIGNALING_AND_TOLERANCE	WP_TLR4_SIGNALING_AND_TOLERANCE		25	0.42044583	1.2741629	0.15176715	0.38959196	1.0	1505	tags=20%, list=10%, signal=22%	
WP_NUCLEAR_RECEPTORS	WP_NUCLEAR_RECEPTORS		34	0.38429582	1.2738209	0.123203285	0.3860869	1.0	1124	tags=26%, list=8%, signal=29%	
WP_RETT_SYNDROME_CAUSING_GENES	WP_RETT_SYNDROME_CAUSING_GENES		46	0.3568509	1.271593	0.109126985	0.38661417	1.0	2061	tags=22%, list=14%, signal=25%	
WP_PLURIPOTENT_STEM_CELL_DIFFERENTIATION_PATHWAY	WP_PLURIPOTENT_STEM_CELL_DIFFERENTIATION_PATHWAY		33	0.39081302	1.2696953	0.13179916	0.38639104	1.0	1906	tags=24%, list=13%, signal=28%	
WP_NOTCH_SIGNALING	WP_NOTCH_SIGNALING		43	0.36347738	1.2634375	0.13141684	0.39592367	1.0	4043	tags=51%, list=27%, signal=70%	
WP_HEMATOPOIETIC_STEM_CELL_DIFFERENTIATION	WP_HEMATOPOIETIC_STEM_CELL_DIFFERENTIATION		42	0.3641833	1.2615762	0.12847966	0.3960902	1.0	1666	tags=26%, list=11%, signal=29%	
WP_NOTCH_SIGNALING_PATHWAY	WP_NOTCH_SIGNALING_PATHWAY		59	0.34052908	1.26109	0.11344538	0.39295974	1.0	2356	tags=29%, list=16%, signal=34%	
WP_AMPACTIVATED_PROTEIN_KINASE_AMPK_SIGNALING	WP_AMPACTIVATED_PROTEIN_KINASE_AMPK_SIGNALING		61	0.3374927	1.2602125	0.103950106	0.39066464	1.0	2365	tags=30%, list=16%, signal=35%	
WP_OSTEOBLAST_DIFFERENTIATION_AND_RELATED_DISEASES	WP_OSTEOBLAST_DIFFERENTIATION_AND_RELATED_DISEASES		103	0.30891848	1.2512493	0.086065575	0.4056955	1.0	2797	tags=26%, list=19%, signal=32%	
WP_ALPHA_6_BETA_4_SIGNALING_PATHWAY	WP_ALPHA_6_BETA_4_SIGNALING_PATHWAY		33	0.37802994	1.2486975	0.1482966	0.40723714	1.0	2556	tags=27%, list=17%, signal=33%	
WP_PEPTIDE_GPCRS	WP_PEPTIDE_GPCRS		36	0.36923018	1.2383277	0.1632653	0.42606738	1.0	330	tags=14%, list=2%, signal=14%	
WP_NOCGMPPKG_MEDIATED_NEUROPROTECTION	WP_NOCGMPPKG_MEDIATED_NEUROPROTECTION		37	0.37079433	1.2373422	0.158	0.4241706	1.0	1982	tags=27%, list=13%, signal=31%	
WP_REGULATION_OF_ACTIN_CYTOSKELETON	WP_REGULATION_OF_ACTIN_CYTOSKELETON		133	0.2821299	1.2208571	0.09312639	0.45704663	1.0	2534	tags=20%, list=17%, signal=24%	
WP_VEGFAVEGFR2_SIGNALING_PATHWAY	WP_VEGFAVEGFR2_SIGNALING_PATHWAY		402	0.2486982	1.211459	0.04185022	0.4746384	1.0	2314	tags=19%, list=16%, signal=22%	
WP_TCELL_ACTIVATION_SARSCOV2	WP_TCELL_ACTIVATION_SARSCOV2		68	0.31671342	1.2099936	0.15289256	0.47383618	1.0	3202	tags=34%, list=22%, signal=43%	
WP_CILIOPATHIES	WP_CILIOPATHIES		167	0.27573797	1.2025682	0.0927835	0.48803675	1.0	3087	tags=29%, list=21%, signal=36%	
WP_IL6_SIGNALING_PATHWAY	WP_IL6_SIGNALING_PATHWAY		40	0.34780678	1.2011033	0.21298175	0.48672134	1.0	2609	tags=28%, list=18%, signal=33%	
WP_INTRAFLAGELLAR_TRANSPORT_PROTEINS_BINDING_TO_DYNEIN	WP_INTRAFLAGELLAR_TRANSPORT_PROTEINS_BINDING_TO_DYNEIN		25	0.38401377	1.1957608	0.19650654	0.495506	1.0	3595	tags=32%, list=24%, signal=42%	
WP_SYNAPTIC_VESICLE_PATHWAY	WP_SYNAPTIC_VESICLE_PATHWAY		44	0.34118786	1.1945096	0.19058296	0.49405155	1.0	2425	tags=27%, list=16%, signal=33%	
WP_RANKLRANK_SIGNALING_PATHWAY	WP_RANKLRANK_SIGNALING_PATHWAY		51	0.32536605	1.1897994	0.17764471	0.5015941	1.0	2850	tags=25%, list=19%, signal=31%	
WP_COMMON_PATHWAYS_UNDERLYING_DRUG_ADDICTION	WP_COMMON_PATHWAYS_UNDERLYING_DRUG_ADDICTION		35	0.35584232	1.1865786	0.20469083	0.50556886	1.0	2556	tags=26%, list=17%, signal=31%	
WP_INTERACTIONS_BETWEEN_IMMUNE_CELLS_AND_MICRORNAS_IN_TUMOR_MICROENVIRONMENT	WP_INTERACTIONS_BETWEEN_IMMUNE_CELLS_AND_MICRORNAS_IN_TUMOR_MICROENVIRONMENT		27	0.37970263	1.1864825	0.221519	0.50134146	1.0	3009	tags=37%, list=20%, signal=46%	
WP_TGFBETA_SIGNALING_PATHWAY	WP_TGFBETA_SIGNALING_PATHWAY		128	0.28061423	1.1853021	0.13859275	0.50016004	1.0	1573	tags=16%, list=11%, signal=18%	
WP_PI3KAKTMTOR_VITD3_SIGNALING	WP_PI3KAKTMTOR_VITD3_SIGNALING		17	0.43158203	1.1804878	0.24217118	0.507705	1.0	428	tags=12%, list=3%, signal=12%	
WP_IL2_SIGNALING_PATHWAY	WP_IL2_SIGNALING_PATHWAY		39	0.3486317	1.1788026	0.22265625	0.50750315	1.0	544	tags=13%, list=4%, signal=13%	
WP_DISRUPTION_OF_POSTSYNAPTIC_SIGNALING_BY_CNV	WP_DISRUPTION_OF_POSTSYNAPTIC_SIGNALING_BY_CNV		31	0.36183032	1.1757951	0.23421589	0.5104662	1.0	1784	tags=23%, list=12%, signal=26%	
WP_SELENIUM_MICRONUTRIENT_NETWORK	WP_SELENIUM_MICRONUTRIENT_NETWORK		68	0.3061122	1.1754233	0.20930232	0.50717396	1.0	1730	tags=21%, list=12%, signal=23%	
WP_CCL18_SIGNALING_PATHWAY	WP_CCL18_SIGNALING_PATHWAY		31	0.3698632	1.1752828	0.21138212	0.50334024	1.0	2211	tags=29%, list=15%, signal=34%	
WP_NUCLEOTIDEBINDING_OLIGOMERIZATION_DOMAIN_NOD_PATHWAY	WP_NUCLEOTIDEBINDING_OLIGOMERIZATION_DOMAIN_NOD_PATHWAY		36	0.34589642	1.1741946	0.21212122	0.50167334	1.0	768	tags=14%, list=5%, signal=15%	
WP_NONSMALL_CELL_LUNG_CANCER	WP_NONSMALL_CELL_LUNG_CANCER		72	0.30184013	1.1690325	0.19870411	0.5101863	1.0	809	tags=13%, list=5%, signal=13%	
WP_PRIMARY_FOCAL_SEGMENTAL_GLOMERULOSCLEROSIS_FSGS	WP_PRIMARY_FOCAL_SEGMENTAL_GLOMERULOSCLEROSIS_FSGS		64	0.3069743	1.1680822	0.18438178	0.5084489	1.0	2411	tags=22%, list=16%, signal=26%	
WP_PDGF_PATHWAY	WP_PDGF_PATHWAY		38	0.3423126	1.1678939	0.18669528	0.504897	1.0	2465	tags=21%, list=17%, signal=25%	
WP_PROSTAGLANDIN_SIGNALING	WP_PROSTAGLANDIN_SIGNALING		24	0.37722647	1.1661347	0.243083	0.5054109	1.0	3338	tags=38%, list=23%, signal=48%	
WP_AMINO_ACID_METABOLISM	WP_AMINO_ACID_METABOLISM		79	0.2952153	1.1602169	0.18661258	0.5157047	1.0	1348	tags=16%, list=9%, signal=18%	
WP_LNCRNA_IN_CANONICAL_WNT_SIGNALING_AND_COLORECTAL_CANCER	WP_LNCRNA_IN_CANONICAL_WNT_SIGNALING_AND_COLORECTAL_CANCER		79	0.29141968	1.1594143	0.17173913	0.5135516	1.0	1955	tags=18%, list=13%, signal=20%	
WP_TYROBP_CAUSAL_NETWORK_IN_MICROGLIA	WP_TYROBP_CAUSAL_NETWORK_IN_MICROGLIA		45	0.3290937	1.1559103	0.21829522	0.5181064	1.0	3247	tags=38%, list=22%, signal=48%	
WP_MAPK_PATHWAY_IN_CONGENITAL_THYROID_CANCER	WP_MAPK_PATHWAY_IN_CONGENITAL_THYROID_CANCER		16	0.4164975	1.1528974	0.26652893	0.5218651	1.0	1251	tags=19%, list=8%, signal=20%	
WP_IL5_SIGNALING_PATHWAY	WP_IL5_SIGNALING_PATHWAY		37	0.3428302	1.1509744	0.23554604	0.5225235	1.0	2465	tags=22%, list=17%, signal=26%	
WP_NEURAL_CREST_CELL_MIGRATION_IN_CANCER	WP_NEURAL_CREST_CELL_MIGRATION_IN_CANCER		35	0.3435579	1.1482786	0.24899599	0.5249335	1.0	623	tags=11%, list=4%, signal=12%	
WP_INTRACELLULAR_TRAFFICKING_PROTEINS_INVOLVED_IN_CMT_NEUROPATHY	WP_INTRACELLULAR_TRAFFICKING_PROTEINS_INVOLVED_IN_CMT_NEUROPATHY		25	0.37681833	1.147296	0.27659574	0.5233236	1.0	2635	tags=24%, list=18%, signal=29%	
WP_MYOMETRIAL_RELAXATION_AND_CONTRACTION_PATHWAYS	WP_MYOMETRIAL_RELAXATION_AND_CONTRACTION_PATHWAYS		132	0.26942524	1.1472498	0.18295218	0.51950556	1.0	2060	tags=19%, list=14%, signal=22%	
WP_COPPER_HOMEOSTASIS	WP_COPPER_HOMEOSTASIS		44	0.32378277	1.1444439	0.2278481	0.5221272	1.0	1494	tags=20%, list=10%, signal=23%	
WP_TGFBETA_RECEPTOR_SIGNALING_IN_SKELETAL_DYSPLASIAS	WP_TGFBETA_RECEPTOR_SIGNALING_IN_SKELETAL_DYSPLASIAS		53	0.31092346	1.1350639	0.222	0.5419619	1.0	3920	tags=38%, list=26%, signal=51%	
WP_TGFBETA_RECEPTOR_SIGNALING	WP_TGFBETA_RECEPTOR_SIGNALING		50	0.31196094	1.1345984	0.24896266	0.538969	1.0	3920	tags=38%, list=26%, signal=51%	
WP_MAPK_CASCADE	WP_MAPK_CASCADE		32	0.34364063	1.1307089	0.2568421	0.54488033	1.0	782	tags=13%, list=5%, signal=13%	
WP_BLADDER_CANCER	WP_BLADDER_CANCER		36	0.3328546	1.1245736	0.2725322	0.5563642	1.0	2920	tags=31%, list=20%, signal=38%	
WP_NCRNAS_INVOLVED_IN_WNT_SIGNALING_IN_HEPATOCELLULAR_CARCINOMA	WP_NCRNAS_INVOLVED_IN_WNT_SIGNALING_IN_HEPATOCELLULAR_CARCINOMA		71	0.28891376	1.1223357	0.234	0.5581646	1.0	1955	tags=18%, list=13%, signal=21%	
WP_MBDNF_AND_PROBDNF_REGULATION_OF_GABA_NEUROTRANSMISSION	WP_MBDNF_AND_PROBDNF_REGULATION_OF_GABA_NEUROTRANSMISSION		32	0.34534627	1.1194308	0.28721175	0.5616254	1.0	3251	tags=28%, list=22%, signal=36%	
WP_OXYSTEROLS_DERIVED_FROM_CHOLESTEROL	WP_OXYSTEROLS_DERIVED_FROM_CHOLESTEROL		39	0.32493412	1.1160244	0.29038855	0.566331	1.0	2521	tags=28%, list=17%, signal=34%	
WP_AUTOPHAGY	WP_AUTOPHAGY		30	0.34892878	1.1159616	0.32135728	0.56257385	1.0	1578	tags=17%, list=11%, signal=19%	
WP_APOPTOSIS_MODULATION_AND_SIGNALING	WP_APOPTOSIS_MODULATION_AND_SIGNALING		79	0.2783831	1.1128734	0.2568421	0.56672245	1.0	2465	tags=23%, list=17%, signal=27%	
WP_AGERAGE_PATHWAY	WP_AGERAGE_PATHWAY		62	0.29337108	1.1079962	0.2638037	0.5753795	1.0	1304	tags=13%, list=9%, signal=14%	
WP_ENDOPLASMIC_RETICULUM_STRESS_RESPONSE_IN_CORONAVIRUS_INFECTION	WP_ENDOPLASMIC_RETICULUM_STRESS_RESPONSE_IN_CORONAVIRUS_INFECTION		41	0.3211846	1.1071688	0.29473683	0.5733384	1.0	2343	tags=29%, list=16%, signal=35%	
WP_COMPLEMENT_AND_COAGULATION_CASCADES	WP_COMPLEMENT_AND_COAGULATION_CASCADES		42	0.31469402	1.1051351	0.30952382	0.57470375	1.0	1166	tags=17%, list=8%, signal=18%	
WP_PHYSICOCHEMICAL_FEATURES_AND_TOXICITYASSOCIATED_PATHWAYS	WP_PHYSICOCHEMICAL_FEATURES_AND_TOXICITYASSOCIATED_PATHWAYS		60	0.2972938	1.1049688	0.28893444	0.5713003	1.0	2317	tags=20%, list=16%, signal=24%	
WP_HEPATITIS_C_AND_HEPATOCELLULAR_CARCINOMA	WP_HEPATITIS_C_AND_HEPATOCELLULAR_CARCINOMA		42	0.31143248	1.1039867	0.26488706	0.5701814	1.0	401	tags=10%, list=3%, signal=10%	
WP_IL18_SIGNALING_PATHWAY	WP_IL18_SIGNALING_PATHWAY		230	0.23958273	1.10181	0.18480493	0.5718178	1.0	1917	tags=16%, list=13%, signal=18%	
WP_KIT_RECEPTOR_SIGNALING_PATHWAY	WP_KIT_RECEPTOR_SIGNALING_PATHWAY		55	0.30564824	1.1013082	0.30416667	0.5692217	1.0	2556	tags=22%, list=17%, signal=26%	
WP_BRAINDERIVED_NEUROTROPHIC_FACTOR_BDNF_SIGNALING_PATHWAY	WP_BRAINDERIVED_NEUROTROPHIC_FACTOR_BDNF_SIGNALING_PATHWAY		133	0.25949112	1.0996287	0.26506025	0.5696987	1.0	3476	tags=29%, list=23%, signal=37%	
WP_ANGIOGENESIS	WP_ANGIOGENESIS		22	0.37321693	1.0986795	0.33744857	0.56860846	1.0	1906	tags=18%, list=13%, signal=21%	
WP_INTEGRINMEDIATED_CELL_ADHESION	WP_INTEGRINMEDIATED_CELL_ADHESION		88	0.27761796	1.0966258	0.26666668	0.5698806	1.0	1438	tags=15%, list=10%, signal=16%	
WP_NETRINUNC5B_SIGNALING_PATHWAY	WP_NETRINUNC5B_SIGNALING_PATHWAY		45	0.30763498	1.0922294	0.30526316	0.5771078	1.0	2556	tags=29%, list=17%, signal=35%	
WP_NEURAL_CREST_CELL_MIGRATION_DURING_DEVELOPMENT	WP_NEURAL_CREST_CELL_MIGRATION_DURING_DEVELOPMENT		32	0.3401366	1.0901033	0.34105262	0.57877296	1.0	4282	tags=38%, list=29%, signal=53%	
WP_GLUCURONIDATION	WP_GLUCURONIDATION		15	0.40211722	1.0895975	0.33539096	0.57626015	1.0	1264	tags=27%, list=9%, signal=29%	
WP_MELATONIN_METABOLISM_AND_EFFECTS	WP_MELATONIN_METABOLISM_AND_EFFECTS		35	0.3235911	1.0893445	0.32264957	0.57324845	1.0	610	tags=11%, list=4%, signal=12%	
WP_NUCLEAR_RECEPTORS_METAPATHWAY	WP_NUCLEAR_RECEPTORS_METAPATHWAY		263	0.22888774	1.0783039	0.23044397	0.5978119	1.0	1921	tags=19%, list=13%, signal=22%	
WP_MEASLES_VIRUS_INFECTION	WP_MEASLES_VIRUS_INFECTION		108	0.2574845	1.068543	0.30801687	0.61904204	1.0	2925	tags=25%, list=20%, signal=31%	
WP_NONALCOHOLIC_FATTY_LIVER_DISEASE	WP_NONALCOHOLIC_FATTY_LIVER_DISEASE		143	0.24127865	1.0612168	0.31567797	0.63433856	1.0	2365	tags=14%, list=16%, signal=16%	
WP_CHROMOSOMAL_AND_MICROSATELLITE_INSTABILITY_IN_COLORECTAL_CANCER	WP_CHROMOSOMAL_AND_MICROSATELLITE_INSTABILITY_IN_COLORECTAL_CANCER		70	0.2740815	1.0609404	0.33590734	0.6311229	1.0	1549	tags=17%, list=10%, signal=19%	
WP_RAS_SIGNALING	WP_RAS_SIGNALING		161	0.24210988	1.0588391	0.3085339	0.63228595	1.0	2843	tags=21%, list=19%, signal=26%	
WP_VITAMIN_DSENSITIVE_CALCIUM_SIGNALING_IN_DEPRESSION	WP_VITAMIN_DSENSITIVE_CALCIUM_SIGNALING_IN_DEPRESSION		33	0.31894383	1.055945	0.34051725	0.6358971	1.0	690	tags=15%, list=5%, signal=16%	
WP_GENES_CONTROLLING_NEPHROGENESIS	WP_GENES_CONTROLLING_NEPHROGENESIS		35	0.31022987	1.053655	0.35634744	0.63831645	1.0	3310	tags=31%, list=22%, signal=40%	
WP_CHEMOKINE_SIGNALING_PATHWAY	WP_CHEMOKINE_SIGNALING_PATHWAY		136	0.24662037	1.0535481	0.34141415	0.63476753	1.0	2039	tags=17%, list=14%, signal=19%	
WP_NEUROINFLAMMATION_AND_GLUTAMATERGIC_SIGNALING	WP_NEUROINFLAMMATION_AND_GLUTAMATERGIC_SIGNALING		118	0.25217962	1.0501797	0.35654008	0.63997203	1.0	1813	tags=20%, list=12%, signal=23%	
WP_MICRORNAS_IN_CARDIOMYOCYTE_HYPERTROPHY	WP_MICRORNAS_IN_CARDIOMYOCYTE_HYPERTROPHY		85	0.26193672	1.0500726	0.3649789	0.63639873	1.0	3041	tags=24%, list=21%, signal=29%	
WP_NEPHROGENESIS	WP_NEPHROGENESIS		16	0.3925437	1.0467194	0.4129979	0.6411006	1.0	1833	tags=25%, list=12%, signal=28%	
WP_FRAGILE_X_SYNDROME	WP_FRAGILE_X_SYNDROME		107	0.25231794	1.0460104	0.34177214	0.6392104	1.0	2920	tags=23%, list=20%, signal=29%	
WP_HIPPOYAP_SIGNALING_PATHWAY	WP_HIPPOYAP_SIGNALING_PATHWAY		22	0.3475632	1.0436374	0.38445377	0.64182526	1.0	1226	tags=14%, list=8%, signal=15%	
WP_GLYCEROPHOSPHOLIPID_BIOSYNTHETIC_PATHWAY	WP_GLYCEROPHOSPHOLIPID_BIOSYNTHETIC_PATHWAY		28	0.32671204	1.0409954	0.402834	0.64419657	1.0	1107	tags=14%, list=7%, signal=15%	
WP_PREIMPLANTATION_EMBRYO	WP_PREIMPLANTATION_EMBRYO		42	0.29911184	1.0404514	0.3778234	0.6417904	1.0	1214	tags=17%, list=8%, signal=18%	
WP_FATTY_ACID_BIOSYNTHESIS	WP_FATTY_ACID_BIOSYNTHESIS		22	0.3468487	1.0375783	0.4105691	0.6458714	1.0	2691	tags=32%, list=18%, signal=39%	
WP_ENDOMETRIAL_CANCER	WP_ENDOMETRIAL_CANCER		61	0.27467626	1.0366323	0.3704497	0.6445339	1.0	1604	tags=15%, list=11%, signal=16%	
WP_HAIR_FOLLICLE_DEVELOPMENT_CYTODIFFERENTIATION_PART_3_OF_3	WP_HAIR_FOLLICLE_DEVELOPMENT_CYTODIFFERENTIATION_PART_3_OF_3		59	0.27786973	1.0357035	0.37068966	0.6434053	1.0	1538	tags=19%, list=10%, signal=21%	
WP_TCELL_ANTIGEN_RECEPTOR_TCR_PATHWAY_DURING_STAPHYLOCOCCUS_AUREUS_INFECTION	WP_TCELL_ANTIGEN_RECEPTOR_TCR_PATHWAY_DURING_STAPHYLOCOCCUS_AUREUS_INFECTION		51	0.28828004	1.0336117	0.38398358	0.6453648	1.0	2892	tags=25%, list=19%, signal=32%	
WP_WNT_SIGNALING_PATHWAY_AND_PLURIPOTENCY	WP_WNT_SIGNALING_PATHWAY_AND_PLURIPOTENCY		89	0.2575536	1.0312587	0.36819172	0.6478371	1.0	2086	tags=19%, list=14%, signal=22%	
WP_MICROGLIA_PATHOGEN_PHAGOCYTOSIS_PATHWAY	WP_MICROGLIA_PATHOGEN_PHAGOCYTOSIS_PATHWAY		30	0.32406026	1.0278853	0.4308617	0.6531421	1.0	3112	tags=33%, list=21%, signal=42%	
WP_IL4_SIGNALING_PATHWAY	WP_IL4_SIGNALING_PATHWAY		54	0.2793727	1.0278475	0.41702127	0.64958316	1.0	2713	tags=26%, list=18%, signal=32%	
WP_BLOOD_CLOTTING_CASCADE	WP_BLOOD_CLOTTING_CASCADE		15	0.38602957	1.0277141	0.4248927	0.646281	1.0	1166	tags=20%, list=8%, signal=22%	
WP_APOPTOSISRELATED_NETWORK_DUE_TO_ALTERED_NOTCH3_IN_OVARIAN_CANCER	WP_APOPTOSISRELATED_NETWORK_DUE_TO_ALTERED_NOTCH3_IN_OVARIAN_CANCER		50	0.2898462	1.0268016	0.3970894	0.64491785	1.0	1016	tags=20%, list=7%, signal=21%	
WP_APOPTOSIS_MODULATION_BY_HSP70	WP_APOPTOSIS_MODULATION_BY_HSP70		17	0.36937594	1.0231559	0.43870968	0.65065956	1.0	298	tags=12%, list=2%, signal=12%	
WP_PANCREATIC_ADENOCARCINOMA_PATHWAY	WP_PANCREATIC_ADENOCARCINOMA_PATHWAY		86	0.2548642	1.0216981	0.4008439	0.65072244	1.0	2554	tags=21%, list=17%, signal=25%	
WP_APOPTOSIS	WP_APOPTOSIS		75	0.25947362	1.0132893	0.42197803	0.6681407	1.0	2349	tags=24%, list=16%, signal=28%	
WP_CORTICOTROPINRELEASING_HORMONE_SIGNALING_PATHWAY	WP_CORTICOTROPINRELEASING_HORMONE_SIGNALING_PATHWAY		81	0.25808248	1.0126351	0.44042554	0.666107	1.0	1304	tags=14%, list=9%, signal=15%	
WP_MET_IN_TYPE_1_PAPILLARY_RENAL_CELL_CARCINOMA	WP_MET_IN_TYPE_1_PAPILLARY_RENAL_CELL_CARCINOMA		56	0.2774348	1.0109881	0.42505592	0.66688114	1.0	2465	tags=18%, list=17%, signal=21%	
WP_EGFR_TYROSINE_KINASE_INHIBITOR_RESISTANCE	WP_EGFR_TYROSINE_KINASE_INHIBITOR_RESISTANCE		79	0.25468296	1.0069575	0.43426296	0.6734982	1.0	696	tags=10%, list=5%, signal=11%	
WP_PHOTODYNAMIC_THERAPYINDUCED_AP1_SURVIVAL_SIGNALING	WP_PHOTODYNAMIC_THERAPYINDUCED_AP1_SURVIVAL_SIGNALING		46	0.28397813	1.0045401	0.40567952	0.6763014	1.0	3072	tags=33%, list=21%, signal=41%	
WP_PPAR_SIGNALING_PATHWAY	WP_PPAR_SIGNALING_PATHWAY		58	0.27006775	1.0031004	0.4248497	0.6764503	1.0	2515	tags=28%, list=17%, signal=33%	
WP_NAD_METABOLISM_IN_ONCOGENEINDUCED_SENESCENCE_AND_MITOCHONDRIAL_DYSFUNCTIONASSOCIATED_SENESCENCE	WP_NAD_METABOLISM_IN_ONCOGENEINDUCED_SENESCENCE_AND_MITOCHONDRIAL_DYSFUNCTIONASSOCIATED_SENESCENCE		22	0.3368703	1.002995	0.46625766	0.67318344	1.0	1005	tags=18%, list=7%, signal=19%	
WP_TOLLLIKE_RECEPTOR_SIGNALING_PATHWAY	WP_TOLLLIKE_RECEPTOR_SIGNALING_PATHWAY		78	0.25547752	1.000405	0.45134574	0.67622733	1.0	2827	tags=22%, list=19%, signal=27%	
WP_HEPATITIS_B_INFECTION	WP_HEPATITIS_B_INFECTION		130	0.23440178	0.99893063	0.4556701	0.6766926	1.0	3009	tags=22%, list=20%, signal=27%	
WP_PARKINUBIQUITIN_PROTEASOMAL_SYSTEM_PATHWAY	WP_PARKINUBIQUITIN_PROTEASOMAL_SYSTEM_PATHWAY		64	0.257881	0.99847203	0.4476386	0.674405	1.0	1065	tags=11%, list=7%, signal=12%	
WP_JOUBERT_SYNDROME	WP_JOUBERT_SYNDROME		73	0.25133246	0.9982132	0.44490644	0.6714786	1.0	2664	tags=25%, list=18%, signal=30%	
WP_GPR143_IN_MELANOCYTES_AND_RETINAL_PIGMENT_EPITHELIUM_CELLS	WP_GPR143_IN_MELANOCYTES_AND_RETINAL_PIGMENT_EPITHELIUM_CELLS		22	0.33064213	0.9952262	0.46680942	0.67595124	1.0	2015	tags=23%, list=14%, signal=26%	
WP_GPCRS_CLASS_A_RHODOPSINLIKE	WP_GPCRS_CLASS_A_RHODOPSINLIKE		125	0.23175222	0.9935882	0.44399184	0.6769997	1.0	2020	tags=17%, list=14%, signal=19%	
WP_TARGET_OF_RAPAMYCIN_TOR_SIGNALING	WP_TARGET_OF_RAPAMYCIN_TOR_SIGNALING		36	0.2888085	0.9922289	0.46693388	0.6771946	1.0	696	tags=11%, list=5%, signal=12%	
WP_NOVEL_INTRACELLULAR_COMPONENTS_OF_RIGILIKE_RECEPTOR_RLR_PATHWAY	WP_NOVEL_INTRACELLULAR_COMPONENTS_OF_RIGILIKE_RECEPTOR_RLR_PATHWAY		53	0.2636874	0.9872323	0.4911111	0.686535	1.0	2349	tags=19%, list=16%, signal=22%	
WP_IL1_SIGNALING_PATHWAY	WP_IL1_SIGNALING_PATHWAY		55	0.26553005	0.98362243	0.48697394	0.69211334	1.0	2827	tags=24%, list=19%, signal=29%	
WP_FOCAL_ADHESION	WP_FOCAL_ADHESION		176	0.22061558	0.9815302	0.50627613	0.6941585	1.0	3476	tags=26%, list=23%, signal=34%	
WP_FATTY_ACID_BETAOXIDATION	WP_FATTY_ACID_BETAOXIDATION		32	0.29535925	0.9796026	0.46850392	0.69536114	1.0	2309	tags=22%, list=16%, signal=26%	
WP_FOLATE_METABOLISM	WP_FOLATE_METABOLISM		52	0.26802114	0.9778288	0.48358864	0.69642174	1.0	1730	tags=21%, list=12%, signal=24%	
WP_IL7_SIGNALING_PATHWAY	WP_IL7_SIGNALING_PATHWAY		22	0.32218453	0.97707903	0.48879838	0.69471616	1.0	2465	tags=27%, list=17%, signal=33%	
WP_16P112_PROXIMAL_DELETION_SYNDROME	WP_16P112_PROXIMAL_DELETION_SYNDROME		72	0.25288686	0.9763002	0.4946695	0.69321734	1.0	3122	tags=28%, list=21%, signal=35%	
WP_CANONICAL_AND_NONCANONICAL_NOTCH_SIGNALING	WP_CANONICAL_AND_NONCANONICAL_NOTCH_SIGNALING		24	0.32071123	0.9762372	0.46620047	0.69001454	1.0	3208	tags=46%, list=22%, signal=58%	
WP_NEOVASCULARISATION_PROCESSES	WP_NEOVASCULARISATION_PROCESSES		31	0.29806343	0.9650302	0.5394737	0.715195	1.0	3009	tags=32%, list=20%, signal=40%	
WP_NRP1TRIGGERED_SIGNALING_PATHWAYS_IN_PANCREATIC_CANCER	WP_NRP1TRIGGERED_SIGNALING_PATHWAYS_IN_PANCREATIC_CANCER		49	0.26863602	0.9635754	0.5420168	0.71532077	1.0	1844	tags=20%, list=12%, signal=23%	
WP_T_CELL_RECEPTOR_AND_COSTIMULATORY_SIGNALING	WP_T_CELL_RECEPTOR_AND_COSTIMULATORY_SIGNALING		26	0.30787888	0.9613239	0.50877196	0.71741265	1.0	2892	tags=23%, list=19%, signal=29%	
WP_BURN_WOUND_HEALING	WP_BURN_WOUND_HEALING		84	0.24125946	0.96042824	0.53052634	0.7162163	1.0	2492	tags=24%, list=17%, signal=28%	
WP_ECTODERM_DIFFERENTIATION	WP_ECTODERM_DIFFERENTIATION		120	0.23030475	0.95604736	0.57261413	0.72385806	1.0	2007	tags=18%, list=14%, signal=21%	
WP_ERBB_SIGNALING_PATHWAY	WP_ERBB_SIGNALING_PATHWAY		87	0.23834255	0.9536119	0.5361702	0.7264771	1.0	818	tags=10%, list=6%, signal=11%	
WP_PHOSPHOINOSITIDES_METABOLISM	WP_PHOSPHOINOSITIDES_METABOLISM		47	0.27166265	0.9516392	0.5550935	0.7280602	1.0	4728	tags=40%, list=32%, signal=59%	
WP_GABA_RECEPTOR_SIGNALING	WP_GABA_RECEPTOR_SIGNALING		23	0.31860036	0.95126915	0.5232068	0.7255661	1.0	2179	tags=17%, list=15%, signal=20%	
WP_MODULATORS_OF_TCR_SIGNALING_AND_T_CELL_ACTIVATION	WP_MODULATORS_OF_TCR_SIGNALING_AND_T_CELL_ACTIVATION		54	0.25731027	0.9471258	0.5320911	0.7321068	1.0	2043	tags=19%, list=14%, signal=21%	
WP_HIPPO_SIGNALING_REGULATION_PATHWAYS	WP_HIPPO_SIGNALING_REGULATION_PATHWAYS		83	0.23717399	0.9461307	0.55487806	0.7309933	1.0	1604	tags=14%, list=11%, signal=16%	
WP_HYPOTHESIZED_PATHWAYS_IN_PATHOGENESIS_OF_CARDIOVASCULAR_DISEASE	WP_HYPOTHESIZED_PATHWAYS_IN_PATHOGENESIS_OF_CARDIOVASCULAR_DISEASE		23	0.3105563	0.9450003	0.5569106	0.73055035	1.0	2928	tags=35%, list=20%, signal=43%	
WP_OXIDATIVE_DAMAGE_RESPONSE	WP_OXIDATIVE_DAMAGE_RESPONSE		34	0.28419086	0.9442925	0.5382979	0.72894526	1.0	1216	tags=15%, list=8%, signal=16%	
WP_WNT_SIGNALING	WP_WNT_SIGNALING		97	0.23130263	0.93927556	0.59836066	0.7375228	1.0	1981	tags=14%, list=13%, signal=17%	
WP_OXIDATION_BY_CYTOCHROME_P450	WP_OXIDATION_BY_CYTOCHROME_P450		40	0.2712815	0.9376133	0.563147	0.7383982	1.0	901	tags=13%, list=6%, signal=13%	
WP_EPITHELIAL_TO_MESENCHYMAL_TRANSITION_IN_COLORECTAL_CANCER	WP_EPITHELIAL_TO_MESENCHYMAL_TRANSITION_IN_COLORECTAL_CANCER		144	0.21778256	0.9365592	0.60509557	0.7375336	1.0	2465	tags=19%, list=17%, signal=22%	
WP_RESISTIN_AS_A_REGULATOR_OF_INFLAMMATION	WP_RESISTIN_AS_A_REGULATOR_OF_INFLAMMATION		27	0.2959084	0.9356715	0.54756874	0.7362974	1.0	3734	tags=37%, list=25%, signal=49%	
WP_TNFALPHA_SIGNALING_PATHWAY	WP_TNFALPHA_SIGNALING_PATHWAY		90	0.23172706	0.9342018	0.6186253	0.73669285	1.0	2465	tags=18%, list=17%, signal=21%	
WP_CANONICAL_AND_NONCANONICAL_TGFB_SIGNALING	WP_CANONICAL_AND_NONCANONICAL_TGFB_SIGNALING		15	0.34741625	0.9325696	0.54273504	0.7373239	1.0	1549	tags=13%, list=10%, signal=15%	
WP_NETWORK_MAP_OF_SARSCOV2_SIGNALING_PATHWAY	WP_NETWORK_MAP_OF_SARSCOV2_SIGNALING_PATHWAY		163	0.21326432	0.93095714	0.64091855	0.7378346	1.0	1730	tags=16%, list=12%, signal=18%	
WP_GENES_RELATED_TO_PRIMARY_CILIUM_DEVELOPMENT_BASED_ON_CRISPR	WP_GENES_RELATED_TO_PRIMARY_CILIUM_DEVELOPMENT_BASED_ON_CRISPR		101	0.22461568	0.92860276	0.6131078	0.7402624	1.0	4156	tags=36%, list=28%, signal=49%	
WP_THYROID_HORMONES_PRODUCTION_AND_PERIPHERAL_DOWNSTREAM_SIGNALING_EFFECTS	WP_THYROID_HORMONES_PRODUCTION_AND_PERIPHERAL_DOWNSTREAM_SIGNALING_EFFECTS		80	0.23024295	0.9166904	0.6489796	0.76554525	1.0	4972	tags=41%, list=34%, signal=62%	
WP_BREAST_CANCER_PATHWAY	WP_BREAST_CANCER_PATHWAY		133	0.2125862	0.912517	0.6640625	0.77255374	1.0	2554	tags=21%, list=17%, signal=25%	
WP_MESODERMAL_COMMITMENT_PATHWAY	WP_MESODERMAL_COMMITMENT_PATHWAY		129	0.21379116	0.9119189	0.6715481	0.77056366	1.0	3296	tags=25%, list=22%, signal=32%	
WP_SMALL_CELL_LUNG_CANCER	WP_SMALL_CELL_LUNG_CANCER		94	0.22477184	0.9082032	0.64389235	0.77621233	1.0	2886	tags=27%, list=19%, signal=33%	
WP_IL17_SIGNALING_PATHWAY	WP_IL17_SIGNALING_PATHWAY		29	0.2776411	0.9073053	0.6233184	0.7749467	1.0	2763	tags=24%, list=19%, signal=30%	
WP_MONOAMINE_TRANSPORT	WP_MONOAMINE_TRANSPORT		21	0.307252	0.90423864	0.5892473	0.77931106	1.0	4227	tags=43%, list=29%, signal=60%	
WP_NEPHROTIC_SYNDROME	WP_NEPHROTIC_SYNDROME		41	0.26248267	0.90111613	0.66056913	0.7832879	1.0	3310	tags=29%, list=22%, signal=38%	
WP_TRANSLATION_INHIBITORS_IN_CHRONICALLY_ACTIVATED_PDGFRA_CELLS	WP_TRANSLATION_INHIBITORS_IN_CHRONICALLY_ACTIVATED_PDGFRA_CELLS		44	0.25287962	0.90049833	0.6181818	0.78137034	1.0	2556	tags=18%, list=17%, signal=22%	
WP_S1P_RECEPTOR_SIGNAL_TRANSDUCTION	WP_S1P_RECEPTOR_SIGNAL_TRANSDUCTION		23	0.29779592	0.9001314	0.62863535	0.7788983	1.0	3283	tags=30%, list=22%, signal=39%	
WP_EGFEGFR_SIGNALING_PATHWAY	WP_EGFEGFR_SIGNALING_PATHWAY		159	0.20395422	0.89375126	0.7416667	0.79030645	1.0	2841	tags=21%, list=19%, signal=25%	
WP_TNFRELATED_WEAK_INDUCER_OF_APOPTOSIS_TWEAK_SIGNALING_PATHWAY	WP_TNFRELATED_WEAK_INDUCER_OF_APOPTOSIS_TWEAK_SIGNALING_PATHWAY		40	0.25527257	0.88762933	0.66328603	0.8013778	1.0	2787	tags=23%, list=19%, signal=28%	
WP_7OXOC_AND_7BETAHC_PATHWAYS	WP_7OXOC_AND_7BETAHC_PATHWAYS		26	0.28915876	0.8870572	0.64300627	0.799058	1.0	2521	tags=27%, list=17%, signal=32%	
WP_ARYL_HYDROCARBON_RECEPTOR_PATHWAY_WP2586	WP_ARYL_HYDROCARBON_RECEPTOR_PATHWAY_WP2586		45	0.24944605	0.8834584	0.66317993	0.8036621	1.0	1016	tags=13%, list=7%, signal=14%	
WP_TOLLLIKE_RECEPTOR_SIGNALING_RELATED_TO_MYD88	WP_TOLLLIKE_RECEPTOR_SIGNALING_RELATED_TO_MYD88		28	0.28097108	0.88283503	0.6377119	0.8017901	1.0	2280	tags=21%, list=15%, signal=25%	
WP_IL3_SIGNALING_PATHWAY	WP_IL3_SIGNALING_PATHWAY		39	0.24814864	0.8673648	0.6772824	0.8318067	1.0	2465	tags=21%, list=17%, signal=25%	
WP_MIRNA_REGULATION_OF_P53_PATHWAY_IN_PROSTATE_CANCER	WP_MIRNA_REGULATION_OF_P53_PATHWAY_IN_PROSTATE_CANCER		24	0.2828029	0.864744	0.68541664	0.8342132	1.0	1893	tags=21%, list=13%, signal=24%	
WP_REGULATORY_CIRCUITS_OF_THE_STAT3_SIGNALING_PATHWAY	WP_REGULATORY_CIRCUITS_OF_THE_STAT3_SIGNALING_PATHWAY		63	0.22741856	0.8627403	0.7157895	0.83508617	1.0	3202	tags=27%, list=22%, signal=34%	
WP_SARSCOV2_INNATE_IMMUNITY_EVASION_AND_CELLSPECIFIC_IMMUNE_RESPONSE	WP_SARSCOV2_INNATE_IMMUNITY_EVASION_AND_CELLSPECIFIC_IMMUNE_RESPONSE		57	0.2336306	0.8592668	0.7350993	0.83919466	1.0	3202	tags=30%, list=22%, signal=38%	
WP_ALZHEIMERS_DISEASE_AND_MIRNA_EFFECTS	WP_ALZHEIMERS_DISEASE_AND_MIRNA_EFFECTS		245	0.18457943	0.85786337	0.898167	0.83879596	1.0	2365	tags=15%, list=16%, signal=17%	
WP_INTERLEUKIN1_IL1_STRUCTURAL_PATHWAY	WP_INTERLEUKIN1_IL1_STRUCTURAL_PATHWAY		48	0.24131168	0.8568269	0.7191919	0.8374848	1.0	975	tags=10%, list=7%, signal=11%	
WP_PKCGAMMA_CALCIUM_SIGNALING_PATHWAY_IN_ATAXIA	WP_PKCGAMMA_CALCIUM_SIGNALING_PATHWAY_IN_ATAXIA		17	0.30224633	0.8439214	0.68297875	0.8599389	1.0	1813	tags=18%, list=12%, signal=20%	
WP_SIGNAL_TRANSDUCTION_THROUGH_IL1R	WP_SIGNAL_TRANSDUCTION_THROUGH_IL1R		30	0.25947607	0.8352644	0.72708756	0.8738095	1.0	1016	tags=13%, list=7%, signal=14%	
WP_MTHFR_DEFICIENCY	WP_MTHFR_DEFICIENCY		24	0.26996112	0.83243716	0.71428573	0.87610906	1.0	1775	tags=21%, list=12%, signal=24%	
WP_ALZHEIMERS_DISEASE	WP_ALZHEIMERS_DISEASE		238	0.18138568	0.8310929	0.9403973	0.8752688	1.0	2365	tags=14%, list=16%, signal=17%	
WP_TGFBETA_SIGNALING_IN_THYROID_CELLS_FOR_EPITHELIALMESENCHYMAL_TRANSITION	WP_TGFBETA_SIGNALING_IN_THYROID_CELLS_FOR_EPITHELIALMESENCHYMAL_TRANSITION		18	0.29065874	0.8296775	0.7012987	0.87442565	1.0	3009	tags=39%, list=20%, signal=49%	
WP_CANCER_IMMUNOTHERAPY_BY_PD1_BLOCKADE	WP_CANCER_IMMUNOTHERAPY_BY_PD1_BLOCKADE		15	0.3078139	0.82776207	0.7465619	0.8747324	1.0	2850	tags=20%, list=19%, signal=25%	
WP_DEREGULATION_OF_RAB_AND_RAB_EFFECTOR_GENES_IN_BLADDER_CANCER	WP_DEREGULATION_OF_RAB_AND_RAB_EFFECTOR_GENES_IN_BLADDER_CANCER		15	0.30226335	0.8191687	0.71428573	0.8866575	1.0	3113	tags=33%, list=21%, signal=42%	
WP_NAD_METABOLISM	WP_NAD_METABOLISM		16	0.29920888	0.8101945	0.7235955	0.89917916	1.0	2576	tags=38%, list=17%, signal=45%	
WP_4HYDROXYTAMOXIFEN_DEXAMETHASONE_AND_RETINOIC_ACIDS_REGULATION_OF_P27_EXPRESSION	WP_4HYDROXYTAMOXIFEN_DEXAMETHASONE_AND_RETINOIC_ACIDS_REGULATION_OF_P27_EXPRESSION		18	0.28159988	0.79996973	0.75965667	0.9133826	1.0	975	tags=17%, list=7%, signal=18%	
WP_THERMOGENESIS	WP_THERMOGENESIS		100	0.19017401	0.78293025	0.9254902	0.9372274	1.0	2451	tags=17%, list=17%, signal=20%	
WP_GPCRS_CLASS_B_SECRETINLIKE	WP_GPCRS_CLASS_B_SECRETINLIKE		15	0.28842604	0.7822935	0.7729941	0.934527	1.0	33	tags=7%, list=0%, signal=7%	
WP_SEROTONIN_HTR1_GROUP_AND_FOS_PATHWAY	WP_SEROTONIN_HTR1_GROUP_AND_FOS_PATHWAY		29	0.24018909	0.77663493	0.8362069	0.93915784	1.0	366	tags=7%, list=2%, signal=7%	
WP_MYD88_DISTINCT_INPUTOUTPUT_PATHWAY	WP_MYD88_DISTINCT_INPUTOUTPUT_PATHWAY		15	0.289366	0.77660507	0.7734694	0.9355527	1.0	543	tags=13%, list=4%, signal=14%	
WP_MITOCHONDRIAL_IMMUNE_RESPONSE_TO_SARSCOV2	WP_MITOCHONDRIAL_IMMUNE_RESPONSE_TO_SARSCOV2		29	0.24045843	0.7757025	0.80686694	0.93342745	1.0	2275	tags=21%, list=15%, signal=24%	
WP_INITIATION_OF_TRANSCRIPTION_AND_TRANSLATION_ELONGATION_AT_THE_HIV1_LTR	WP_INITIATION_OF_TRANSCRIPTION_AND_TRANSLATION_ELONGATION_AT_THE_HIV1_LTR		31	0.23346502	0.77251077	0.845339	0.93460757	1.0	768	tags=6%, list=5%, signal=7%	
WP_NONGENOMIC_ACTIONS_OF_125_DIHYDROXYVITAMIN_D3	WP_NONGENOMIC_ACTIONS_OF_125_DIHYDROXYVITAMIN_D3		61	0.20587568	0.763775	0.8842105	0.94341385	1.0	2925	tags=23%, list=20%, signal=28%	
WP_HEPATOCYTE_GROWTH_FACTOR_RECEPTOR_SIGNALING	WP_HEPATOCYTE_GROWTH_FACTOR_RECEPTOR_SIGNALING		33	0.2343996	0.7593477	0.8705637	0.9458364	1.0	366	tags=6%, list=2%, signal=6%	
WP_GLIOBLASTOMA_SIGNALING_PATHWAYS	WP_GLIOBLASTOMA_SIGNALING_PATHWAYS		81	0.19191672	0.74932015	0.9287169	0.9552575	1.0	2920	tags=22%, list=20%, signal=28%	
WP_MECHANOREGULATION_AND_PATHOLOGY_OF_YAPTAZ_VIA_HIPPO_AND_NONHIPPO_MECHANISMS	WP_MECHANOREGULATION_AND_PATHOLOGY_OF_YAPTAZ_VIA_HIPPO_AND_NONHIPPO_MECHANISMS		43	0.21715933	0.7450518	0.8870293	0.95707154	1.0	1319	tags=12%, list=9%, signal=13%	
WP_CARDIAC_HYPERTROPHIC_RESPONSE	WP_CARDIAC_HYPERTROPHIC_RESPONSE		52	0.20499875	0.741838	0.88667995	0.95735013	1.0	3009	tags=21%, list=20%, signal=26%	
WP_ACUTE_VIRAL_MYOCARDITIS	WP_ACUTE_VIRAL_MYOCARDITIS		72	0.19278	0.7391371	0.94824016	0.9569308	1.0	2625	tags=21%, list=18%, signal=25%	
WP_MITOCHONDRIAL_COMPLEX_IV_ASSEMBLY	WP_MITOCHONDRIAL_COMPLEX_IV_ASSEMBLY		32	0.2223863	0.7372032	0.8590022	0.95562685	1.0	59	tags=3%, list=0%, signal=3%	
WP_B_CELL_RECEPTOR_SIGNALING_PATHWAY	WP_B_CELL_RECEPTOR_SIGNALING_PATHWAY		88	0.1798467	0.7193663	0.9770833	0.971385	1.0	1985	tags=11%, list=13%, signal=13%	
WP_RENINANGIOTENSINALDOSTERONE_SYSTEM_RAAS	WP_RENINANGIOTENSINALDOSTERONE_SYSTEM_RAAS		37	0.20953956	0.7140024	0.91260165	0.97309875	1.0	1865	tags=14%, list=13%, signal=15%	
WP_ENVELOPE_PROTEINS_AND_THEIR_POTENTIAL_ROLES_IN_EDMD_PHYSIOPATHOLOGY	WP_ENVELOPE_PROTEINS_AND_THEIR_POTENTIAL_ROLES_IN_EDMD_PHYSIOPATHOLOGY		43	0.20374867	0.7003754	0.90495867	0.9821444	1.0	1970	tags=16%, list=13%, signal=19%	
WP_REGULATION_OF_WNT_BCATENIN_SIGNALING_BY_SMALL_MOLECULE_COMPOUNDS	WP_REGULATION_OF_WNT_BCATENIN_SIGNALING_BY_SMALL_MOLECULE_COMPOUNDS		16	0.24675004	0.685534	0.87896824	0.9909981	1.0	112	tags=6%, list=1%, signal=6%	
WP_RAC1PAK1P38MMP2_PATHWAY	WP_RAC1PAK1P38MMP2_PATHWAY		67	0.17452791	0.6607946	0.9728601	1.0	1.0	1829	tags=10%, list=12%, signal=12%	
WP_P38_MAPK_SIGNALING_PATHWAY	WP_P38_MAPK_SIGNALING_PATHWAY		33	0.20058404	0.660525	0.9574468	1.0	1.0	2904	tags=21%, list=20%, signal=26%	
WP_TCELL_RECEPTOR_TCR_SIGNALING_PATHWAY	WP_TCELL_RECEPTOR_TCR_SIGNALING_PATHWAY		79	0.16987802	0.6603899	0.9876543	0.9967946	1.0	4516	tags=34%, list=30%, signal=49%	
WP_PHYSIOLOGICAL_AND_PATHOLOGICAL_HYPERTROPHY_OF_THE_HEART	WP_PHYSIOLOGICAL_AND_PATHOLOGICAL_HYPERTROPHY_OF_THE_HEART		25	0.20835347	0.6445542	0.9465812	1.0	1.0	1804	tags=12%, list=12%, signal=14%	
WP_INHIBITION_OF_EXOSOME_BIOGENESIS_AND_SECRETION_BY_MANUMYCIN_A_IN_CRPC_CELLS	WP_INHIBITION_OF_EXOSOME_BIOGENESIS_AND_SECRETION_BY_MANUMYCIN_A_IN_CRPC_CELLS		18	0.22203474	0.64138216	0.9285714	1.0	1.0	11541	tags=100%, list=78%, signal=450%	
WP_INFLAMMATORY_RESPONSE_PATHWAY	WP_INFLAMMATORY_RESPONSE_PATHWAY		25	0.20863537	0.6410385	0.94129556	0.99697834	1.0	3446	tags=32%, list=23%, signal=42%	
WP_CAMKK2_PATHWAY	WP_CAMKK2_PATHWAY		33	0.1924357	0.6389338	0.9635974	0.9943579	1.0	2591	tags=18%, list=17%, signal=22%	
WP_INTERFERON_TYPE_I_SIGNALING_PATHWAYS	WP_INTERFERON_TYPE_I_SIGNALING_PATHWAYS		50	0.17305447	0.6338859	0.9829424	0.99325943	1.0	3306	tags=22%, list=22%, signal=28%	
WP_SPHINGOLIPID_METABOLISM_IN_SENESCENCE	WP_SPHINGOLIPID_METABOLISM_IN_SENESCENCE		26	0.19990507	0.6290666	0.9577778	0.9918664	1.0	2934	tags=23%, list=20%, signal=29%	
WP_NANOPARTICLE_TRIGGERED_AUTOPHAGIC_CELL_DEATH	WP_NANOPARTICLE_TRIGGERED_AUTOPHAGIC_CELL_DEATH		22	0.2091231	0.62589556	0.9475891	0.9897484	1.0	1769	tags=14%, list=12%, signal=15%	
WP_TYPE_II_DIABETES_MELLITUS	WP_TYPE_II_DIABETES_MELLITUS		19	0.2156537	0.6213187	0.9602386	0.9882239	1.0	1016	tags=11%, list=7%, signal=11%	
WP_PRION_DISEASE_PATHWAY	WP_PRION_DISEASE_PATHWAY		29	0.18506807	0.59691876	0.98185486	0.9931069	1.0	2751	tags=21%, list=19%, signal=25%	
WP_MIRNA_TARGETS_IN_ECM_AND_MEMBRANE_RECEPTORS	WP_MIRNA_TARGETS_IN_ECM_AND_MEMBRANE_RECEPTORS		19	0.19767372	0.5620632	0.9642105	0.99784756	1.0	4208	tags=42%, list=28%, signal=59%	
WP_3Q29_COPY_NUMBER_VARIATION_SYNDROME	WP_3Q29_COPY_NUMBER_VARIATION_SYNDROME		59	0.14690228	0.54904044	1.0	0.9966726	1.0	3078	tags=19%, list=21%, signal=23%	
WP_MFAP5_EFFECT_ON_PERMEABILITY_AND_MOTILITY_OF_ENDOTHELIAL_CELLS_VIA_CYTOSKELETON_REARRANGEMENT	WP_MFAP5_EFFECT_ON_PERMEABILITY_AND_MOTILITY_OF_ENDOTHELIAL_CELLS_VIA_CYTOSKELETON_REARRANGEMENT		17	0.19707845	0.5485377	0.97077245	0.9932958	1.0	311	tags=6%, list=2%, signal=6%	
WP_ENDOTHELIN_PATHWAYS	WP_ENDOTHELIN_PATHWAYS		28	0.1704517	0.529101	0.9956522	0.99288136	1.0	4490	tags=36%, list=30%, signal=51%	
